{
    "Kind": 0,
    "Attr": "title",
    "Value": "Star Wars"
}
// 
{
    "Kind": 2,
    "F1": {
        "Kind": 0,
        "Attr": "title",
        "Value": "Star Wars"
    },
    "F2": {
        "Kind": 0,
        "Attr": "release",
        "Value": "2018-11-11T00:00:00"
    }
}
// 
{
    "Kind": 1,
    "F1": {
        "Kind": 1,
        "F1": {
            "Kind": 0,
            "Attr": "title",
            "Value": "Divorce Italian Style"
        },
        "F2": {
            "Kind": 2,
            "Attr": "release",
            "Value": "2009-11-11T00:00:00"
        }
    },
    "F2": {
        "Kind": 1,
        "F1": {
            "kind": 0,
            "att": "title",
            "value": "Matrix"
        },
        "F2": {
            "Kind": 0,
            "Attr": "release",
            "Value": "2008-11-11T00:00:00"
        }
    }
}